<archive xmlns="http://rs.tdwg.org/dwc/text/" metadata="eml.xml">
  <core encoding="UTF-8" fieldsTerminatedBy="\t" linesTerminatedBy="\n" fieldsEnclosedBy="" ignoreHeaderLines="1" rowType="http://rs.tdwg.org/dwc/terms/Event">
    <files>
      <location>event.txt</location>
    </files>
    <id index="0" />
    <field index="1" term="http://purl.org/dc/elements/1.1/type"/>
    <field index="2" term="http://purl.org/dc/terms/modified"/>
    <field index="3" term="http://purl.org/dc/elements/1.1/language"/>
    <field index="4" term="http://purl.org/dc/terms/rightsHolder"/>
    <field index="5" term="http://purl.org/dc/terms/accessRights"/>
    <field index="6" term="http://rs.tdwg.org/dwc/terms/institutionCode"/>
    <field index="7" term="http://rs.tdwg.org/dwc/terms/datasetName"/>
    <field index="8" term="http://rs.tdwg.org/dwc/terms/eventID"/>
    <field index="9" term="http://rs.tdwg.org/dwc/terms/parentEventID"/>
    <field index="10" term="http://rs.tdwg.org/dwc/terms/eventDate"/>
    <field index="11" term="http://rs.tdwg.org/dwc/terms/locationID"/>
    <field index="12" term="http://rs.tdwg.org/dwc/terms/waterBody"/>
    <field index="13" term="http://rs.tdwg.org/dwc/terms/country"/>
    <field index="14" term="http://rs.tdwg.org/dwc/terms/countryCode"/>
    <field index="15" term="http://rs.tdwg.org/dwc/terms/minimumDepthInMeters"/>
    <field index="16" term="http://rs.tdwg.org/dwc/terms/maximumDepthInMeters"/>
    <field index="17" term="http://rs.tdwg.org/dwc/terms/decimalLatitude"/>
    <field index="18" term="http://rs.tdwg.org/dwc/terms/decimalLongitude"/>
  </core>
  <extension encoding="UTF-8" fieldsTerminatedBy="\t" linesTerminatedBy="\n" fieldsEnclosedBy="" ignoreHeaderLines="1" rowType="http://rs.iobis.org/obis/terms/ExtendedMeasurementOrFact">
    <files>
      <location>extendedmeasurementorfact.txt</location>
    </files>
    <coreid index="0" />
    <field index="1" term="http://rs.tdwg.org/dwc/terms/occurrenceID"/>
    <field index="2" term="http://rs.tdwg.org/dwc/terms/measurementType"/>
    <field index="3" term="http://rs.iobis.org/obis/terms/measurementTypeID"/>
    <field index="4" term="http://rs.tdwg.org/dwc/terms/measurementValue"/>
    <field index="5" term="http://rs.iobis.org/obis/terms/measurementValueID"/>
    <field index="6" term="http://rs.tdwg.org/dwc/terms/measurementUnit"/>
    <field index="7" term="http://rs.iobis.org/obis/terms/measurementUnitID"/>
    <field index="8" term="http://rs.tdwg.org/dwc/terms/measurementDeterminedBy"/>
    <field index="9" term="http://rs.tdwg.org/dwc/terms/measurementRemarks"/>
  </extension>
  <extension encoding="UTF-8" fieldsTerminatedBy="\t" linesTerminatedBy="\n" fieldsEnclosedBy="" ignoreHeaderLines="1" rowType="http://rs.tdwg.org/dwc/terms/Occurrence">
    <files>
      <location>occurrence.txt</location>
    </files>
    <coreid index="0" />
    <field index="1" term="http://purl.org/dc/terms/modified"/>
    <field index="2" term="http://rs.tdwg.org/dwc/terms/basisOfRecord"/>
    <field index="3" term="http://rs.tdwg.org/dwc/terms/occurrenceID"/>
    <field index="4" term="http://rs.tdwg.org/dwc/terms/occurrenceStatus"/>
    <field index="5" term="http://rs.tdwg.org/dwc/terms/associatedMedia"/>
    <field index="6" term="http://rs.tdwg.org/dwc/terms/eventID"/>
    <field index="7" term="http://rs.tdwg.org/dwc/terms/identifiedBy"/>
    <field index="8" term="http://rs.tdwg.org/dwc/terms/identificationReferences"/>
    <field index="9" term="http://rs.tdwg.org/dwc/terms/identificationVerificationStatus"/>
    <field index="10" term="http://rs.tdwg.org/dwc/terms/scientificNameID"/>
    <field index="11" term="http://rs.tdwg.org/dwc/terms/scientificName"/>
  </extension>
</archive>
